Ticker,Samples,Test_Size,Model_A_F1,Model_B_F1,Model_A_Precision,Model_B_Precision,Model_A_Recall,Model_B_Recall,F1_Lift,Model_A_AUC,Model_B_AUC,DM_Stat,P_Value,Significant,Thresh_A,Thresh_B
ABUK.CA,5625,1125,0.48552338530066813,0.3776223776223776,0.8515625,0.75,0.3395638629283489,0.2523364485981308,-0.22223647911721306,0.7861302993363131,0.722138374515457,-15.75797993964763,0.0,True,0.4710890488945885,0.3883919441389531
ADIB.CA,5832,1166,0.7816432272390822,0.7438928289992119,0.7833827893175074,0.7972972972972973,0.7799113737075333,0.6971935007385525,-0.04829620077847037,0.8142200795642994,0.8010469622688814,-13.075501908662744,0.0,True,0.4129338230011393,0.029084982836086598
AMOC.CA,4727,945,0.7237113402061855,0.7628149435273676,0.7782705099778271,0.694620253164557,0.6763005780346821,0.8458574181117534,0.05403204447513754,0.8034682080924855,0.7868508417234299,0.621790226218722,0.5342299468332512,False,0.3543640090821847,0.2114872553262128
BTFH.CA,3557,711,0.7083333333333334,0.6010733452593918,0.6589147286821705,0.7433628318584071,0.7657657657657657,0.5045045045045045,-0.15142586551615275,0.8098495320717543,0.7781193892305003,-9.360009253151864,0.0,True,0.15541632766302863,0.005221858055666102
CICH.CA,1837,367,0.7299270072992701,0.656641604010025,0.872093023255814,0.81875,0.6276150627615062,0.5481171548117155,-0.10040100250626571,0.770005230125523,0.7140755753138075,-6.813658972964627,3.927036473783119e-11,True,0.43353208978110075,0.3039790127142391
CIEB.CA,4992,998,0.7711651299245599,0.6114221724524076,0.7348242811501597,0.8374233128834356,0.8112874779541446,0.48148148148148145,-0.20714494376551923,0.8060251169299893,0.7780192080269419,-9.217695874373158,0.0,True,0.3150884760814878,0.3868097787637039
CLHO.CA,2202,440,0.7368421052631579,0.7517241379310344,0.7641921397379913,0.6526946107784432,0.7113821138211383,0.8861788617886179,0.020197044334975354,0.7894141312547145,0.7658829938814853,-1.7175764577006412,0.08657910749690556,False,0.4170469643267798,0.43572423632913554
COMI.CA,5862,1172,0.803894297635605,0.7687793427230047,0.7506493506493507,0.6322393822393823,0.8652694610778443,0.9805389221556886,-0.04368105983072598,0.8260770126413839,0.8427401150080791,3.8342440608183863,0.00013265544629237347,True,0.10942657270364313,0.12073302950335697
EAST.CA,5806,1161,0.671875,0.6984667802385008,0.774,0.7854406130268199,0.593558282208589,0.6288343558282209,0.039578463610791946,0.7601425868116239,0.7838477949064087,2.461263854535104,0.013989608438535361,True,0.6135344104196225,0.8573199858195675
EFID.CA,2503,500,0.7287784679089027,0.7535714285714286,0.775330396475771,0.694078947368421,0.6875,0.82421875,0.03401988636363639,0.8124839907786886,0.8152856045081968,2.2276137293469986,0.026351421796257046,True,0.21099308384910778,0.3021227578538864
EFIH.CA,1010,202,0.758893280632411,0.5303867403314917,0.7741935483870968,0.9230769230769231,0.7441860465116279,0.37209302325581395,-0.3011049723756906,0.8079006052883083,0.7872995646171816,-0.6919429197638712,0.4897716946876467,False,0.23803889450329116,0.9141767528949862
EGBE.CA,134,26,0.9803921568627451,0.7619047619047619,1.0,1.0,0.9615384615384616,0.6153846153846154,-0.22285714285714286,0.5,0.5,3.822394855954399,0.0007806785241393221,True,9.184770618799084e-08,0.013205051920527636
EKHO.CA,5178,1035,0.7199211045364892,0.697986577181208,0.6239316239316239,0.6709677419354839,0.8508158508158508,0.7272727272727273,-0.030467959915417883,0.8466000446198465,0.8344988344988344,-2.336752820849314,0.01964223232094331,True,0.2528005009557865,0.1843058197663527
EMFD.CA,2549,509,0.7248322147651006,0.5812807881773399,0.84375,0.7814569536423841,0.6352941176470588,0.4627450980392157,-0.19804780149607737,0.8545159796201945,0.7985641500694766,-1.8434400363592363,0.06584707648989574,False,0.32210302566437315,0.6979591828107651
ETEL.CA,4887,977,0.519298245614035,0.5733186328555678,0.921161825726141,0.8873720136518771,0.36156351791530944,0.4234527687296417,0.10402574570160032,0.8109448048743281,0.7840337039330229,-20.72847315948891,0.0,True,0.23769192309632522,0.002509559171343538
EXPA.CA,5833,1166,0.6736242884250474,0.6360360360360361,0.7959641255605381,0.703187250996016,0.5838815789473685,0.5805921052631579,-0.055800025377490035,0.7895178975664968,0.7462919732126014,-6.385302824204281,2.465700976728158e-10,True,0.1336651396737611,0.07560425350815343
FAIT.CA,5253,1050,0.7614917606244579,0.7860262008733624,0.7688266199649737,0.7992895204262878,0.7542955326460481,0.7731958762886598,0.03221891754782106,0.8240961024466178,0.8404998972009281,-1.2250733249295365,0.22082259900354262,False,0.3351915195161367,0.21795672951144443
FWRY.CA,1545,309,0.6963350785340314,0.6778711484593838,0.7189189189189189,0.75625,0.6751269035532995,0.6142131979695431,-0.026515869505696985,0.6824691805656272,0.71106780275562,-3.3657523371564024,0.0008600522595589855,True,0.09169670430518241,0.006678752010315997
GBCO.CA,4474,894,0.8097385031559964,0.7796934865900383,0.8119349005424955,0.8340163934426229,0.8075539568345323,0.7320143884892086,-0.0371045917278925,0.8226342003320422,0.8122898131199183,-9.944891563235009,0.0,True,0.4721110269944256,0.01926464523163266
HDBK.CA,5771,1154,0.7610062893081762,0.7209302325581395,0.6655665566556656,0.8298279158699808,0.8883994126284875,0.6372980910425844,-0.052661925812031656,0.749985253622176,0.7993716490796708,2.0408876212773386,0.04148935583155522,True,0.2826170343086379,0.4150183612101294
HELI.CA,5861,1172,0.7675675675675676,0.6822510822510822,0.7308823529411764,0.7296296296296296,0.808130081300813,0.640650406504065,-0.11115175903908307,0.8279196041511583,0.7683029002641911,-6.702095603024017,3.185851582543364e-11,True,0.20129222574376085,0.3284774116510035
HRHO.CA,5815,1163,0.6483412322274882,0.5691699604743083,0.8123515439429929,0.7619047619047619,0.5394321766561514,0.45425867507886436,-0.12211358435614726,0.7862313871181265,0.7450728414423978,-15.143003809187482,0.0,True,0.30343913456645316,0.018970664751733025
ISPH.CA,1951,390,0.7300884955752213,0.7600849256900213,0.8375634517766497,0.8287037037037037,0.6470588235294118,0.7019607843137254,0.041086019429968514,0.796717501815541,0.7804793028322439,-3.1979443609846334,0.0014974199469033334,True,0.450245584151872,0.22947724181075316
JUFO.CA,3758,751,0.7526315789473684,0.6993197278911565,0.8881987577639752,0.8653198653198653,0.6529680365296804,0.58675799086758,-0.0708339279767851,0.8574335857149109,0.8204443666389485,-6.222086200393562,8.152867270183606e-10,True,0.37799400944873723,0.36588695726557274
MASR.CA,5497,1099,0.7610062893081762,0.7004694835680751,0.711764705882353,0.7885835095137421,0.8175675675675675,0.6300675675675675,-0.07954836456757074,0.8086751692520924,0.8024881390266005,-7.348857849344093,3.894662370385049e-13,True,0.2737561712353032,0.13913321292419592
MFPC.CA,2261,452,0.6584158415841584,0.6050420168067226,0.6129032258064516,0.4411764705882353,0.7112299465240641,0.9625668449197861,-0.0810640045491882,0.7736656240540813,0.7460195742104732,-8.65261912604929,2.220446049250313e-16,True,0.5373246081694169,0.26070682447771054
OCDI.CA,5902,1180,0.7197231833910035,0.6311475409836066,0.7619047619047619,0.8415300546448088,0.6819672131147541,0.5049180327868853,-0.12306904161412358,0.7980788035662927,0.7912625826862237,-2.7618141894176107,0.00583738728554728,True,0.374537898109576,0.6717855792716441
ORAS.CA,131,26,0.5555555555555556,0.5555555555555556,1.0,1.0,0.38461538461538464,0.38461538461538464,0.0,0.5,0.5,0.9379475252151334,0.3572452190172264,False,0.9997800339272247,0.9998814758342364
ORHD.CA,3208,641,0.7094594594594594,0.5664739884393064,0.8713692946058091,0.875,0.5982905982905983,0.4188034188034188,-0.20154142581888237,0.8384320660182729,0.8047745358090186,-2.5314914700727833,0.011596089890159256,True,0.38184156539586445,0.5694830397768428
PHDC.CA,4296,859,0.7130044843049327,0.6716791979949874,0.8050632911392405,0.8903654485049833,0.6398390342052314,0.5392354124748491,-0.057959363818350894,0.7863368053625621,0.8146114254588303,-6.1352616256510135,1.2970426954694858e-09,True,0.32908751592559005,0.1598774656058281
SAUD.CA,5689,1137,0.29419354838709677,0.42890995260663506,0.926829268292683,0.9427083333333334,0.17484662576687116,0.2776073619631902,0.4579176020620271,0.8002023907406236,0.8075264056669408,5.692545331404247,1.5921657992024052e-08,True,0.375336606871387,0.2779233167700229
SKPC.CA,4990,998,0.7854477611940298,0.7217125382262997,0.8174757281553398,0.8349056603773585,0.755834829443447,0.6355475763016158,-0.08114508197316714,0.8341902889222714,0.8295167259004139,-1.8855191479962168,0.05965033442430112,False,0.2470279211831372,0.42554049037660924
SWDY.CA,4768,953,0.7318548387096774,0.7054026503567788,0.7995594713656388,0.781038374717833,0.6747211895910781,0.6431226765799256,-0.03614403697806521,0.8078022125677431,0.7957047520938774,-6.021512575607502,2.4648438845531473e-09,True,0.17636423687482095,0.08781233323299759
